{
    "+Frozen Damage%": 0.25706319216428,
    "-Scorched Damage Reduction%": 0.491981713713314,
    "-Stunned Damage Reduction": 0.0807592359989704,
    "Accuracy Rating": 607511.349164473,
    "Active Skill I": "Guarding ",
    "Active Skill II": "Firebreathing",
    "Active Skill III": "Hellfire",
    "Aether": 1366.48078171665,
    "Aether Leech Amount": 328.916691339979,
    "Aether Leech Rate": 0.240703488655563,
    "Aether Regeneration Amount": 254.331361545717,
    "Aether Regeneration Delay": 3.10850559757199,
    "Aether Regeneration Rate": 0.186121433209043,
    "Amplify Chance": 0.111436800303501,
    "Amplify Elemental Damage Multiplier": 6.57184001517507,
    "Amplify Inflicted Damage": 207015.639199209,
    "Amplify Potency": 2.11436800303501,
    "Arcana Stat": 109640.678739968,
    "Arcanic Damage Reduction against +4 and higher Level monsters": 0.219485681703778,
    "Arcanic Damage Reduction against -3 to +3 Level monsters": 0.342946377662153,
    "Arcanic Damage Reduction against -4 and lower Level monsters": 0.548714204259445,
    "Area of Effect Amount ": 3.04708794776187,
    "Area of Effect Chance": 0.121436800303501,
    "Area of Effect Damage": 61593.061945253,
    "Area of Effect Damage Modifier": 0.561771986940467,
    "Blaze Attack": 263219.697445311,
    "Blaze Resistance": 382181.036462308,
    "Brawn (Brn)": 1959.90856856657,
    "Burn Afflicted Damage": 197414.773083983,
    "Burn Chance%": 3.13585370970651,
    "Burn Damage over Time (every sec)": 78965.9092335934,
    "Burn Potency": 9.29175313512975,
    "Corrosion Affliction Damage": 59203.2015394396,
    "Corrosion Area of Effect Amount": 6,
    "Corrosion Area of Effect Damage/sec": 69967.4200011559,
    "Corrosion Chance": 0.189190517379479,
    "Corrosion Damage over Time": 161463.276925744,
    "Corrosion Poison Chance": 0.0788293822414495,
    "Corrosion Potency": 15.5180567569015,
    "Defense": 379310.560460925,
    "Dexterity (Dex)": 67.2993633324753,
    "Evasion Rating": 485060.103639038,
    "Flora Attack": 185341.111699013,
    "Flora Resistance": 269105.461542907,
    "Freeze Affiction Damage": 201291.460080956,
    "Freeze Chance": 0.104708794776187,
    "Freeze Damage over Time": 50322.865020239,
    "Freeze Potency": 3.26177198694047,
    "Frost Attack": 167742.883400797,
    "Frost Resistance": 243553.767668212,
    "Frostbite Affliction Damage": 182665.325751159,
    "Frostbite Chance": 0.31412638432856,
    "Frostbite Damage over Time": 73066.1303004637,
    "Frostbite Potency": 5.41356872947852,
    "Knowledge (Kno)": 523.543973880934,
    "Level Modifier": 3578.52615882914,
    "Magic Armor": 1553193.27487412,
    "Magic Resist": 199764.98612522,
    "Mana Armor Amount": 0.818955988457974,
    "Mana Armor Damage Reduction": 0.271118637149394,
    "Mana Armor Regenaration Rate": 0.204708794776187,
    "Mana Armor Regeneration Delay": 3.58116482089525,
    "Mana Armor Regeneration/sec": 317952.32335396,
    "Needed EP for next Level": 3790842875063.71,
    "Paralyze Affliction Damage": 139664.292690877,
    "Paralyze Area of Effect Amount": 3,
    "Paralyze Area of Effect Damage": 99760.2090649118,
    "Paralyze Chance": 0.0336496816662377,
    "Paralyze Damage over Time": 100138.916774846,
    "Paralyze Shockwave Area of Effect Timer": 5.86540127333505,
    "Passive Skill I (Lvl 2)": "Not a Number",
    "Passive Skill II (Lvl 10)": "Scaly Fortitude",
    "Passive Skill III": "Not a Number",
    "Passive Skill IV": "Not a Number",
    "Passive Skill V": "Not a Number",
    "Physical Critical Chance": 0.303986285284986,
    "Physical Critical Damage": 1737370.19483725,
    "Physical Critical Damage Modifier": 6.00778970770312,
    "Physical Damage Reduction against -3 to +3 Level monsters ": 0.651181096558805,
    "Physical Damage Reduction against Level +4 and higher monsters": 0.416755901797635,
    "Physical Damage Reduction against Level -4 and lower monsters": 1.04188975449409,
    "Physical Stat": 289186.253075672,
    "Poison Affliction Damage": 148272.88935921,
    "Poison Chance": 0.472976293448697,
    "Poison Damage over Time": 66722.8002116445,
    "Poison Potency": 10.729762934487,
    "Power Level": 125,
    "Scorch Affliction Damage": 229308.621877385,
    "Scorch Burn Chance": 0.587972570569972,
    "Scorch Chance": 1.17594514113994,
    "Scorch Damage over Time (sec)": 171981.466408038,
    "Scorch Potency": 13.2516617036963,
    "Spark Attack": 137415.777037053,
    "Spark Resistance": 199520.418129824,
    "Spirit (Spr)": 1114.36800303501,
    "Stun Affiction Damage": 164898.932444463,
    "Stun Chance": 0.0134598726664951,
    "Stun Potency": 3.2691974533299,
    "Time until Aether refills in seconds": 8.48134193758044,
    "Time until Mana Armor refills in seconds": 8.46615279170191,
    "Time until Vitality fills in seconds": 5.60855721586162,
    "Total Amplify Damage": 2876541.97875532,
    "Total Burn Damage": 931146.507773596,
    "Total Corrosion Damage": 9079349.86529984,
    "Total Freeze Damage": 365433.171506558,
    "Total Frostbite Damage": 578213.843929752,
    "Total Paralyze Damage": 826782.431717364,
    "Total Poison Damage": 864192.717955293,
    "Total Scorch Damage": 3742410.59197542,
    "Total Stun Damage": 164898.932444463,
    "Toughness (Tou)": 788.293822414495,
    "Unarmed Cast Speed": 2.89905095500129,
    "Unarmed DPS": 137571.549450556,
    "Vitality": 1896552.80230462,
    "Vitality Leech Amount ": 3704.22794460271,
    "Vitality Leech Rate": 0.0107678981331961,
    "Vitality Regeneration Amount per Second": 338153.241432746,
    "Vitality Regeneration Rate": 0.178298880485602,
    "Wind Attack": 207015.639199209,
    "Wind Resistance": 300575.72560465
}