{
    "+Frozen Damage%": 0.336488146724348,
    "-Scorched Damage Reduction%": 0.133317538009462,
    "-Stunned Damage Reduction": 1.80502000898857,
    "Accuracy Rating": 678567.418553729,
    "Active Skill I": "Swift Slashes",
    "Active Skill II": "Loyalty Stance",
    "Active Skill III": "Voidstrom ",
    "Aether": 1551.80567569015,
    "Aether Leech Amount": 504.187253042894,
    "Aether Leech Rate": 0.324903601617943,
    "Aether Regeneration Amount": 395.642778995424,
    "Aether Regeneration Delay": 2.79665332734095,
    "Aether Regeneration Rate": 0.254956393827769,
    "Amplify Chance": 0.150418334082381,
    "Amplify Elemental Damage Multiplier": 8.52091670411905,
    "Amplify Inflicted Damage": 331131.628696327,
    "Amplify Potency": 2.50418334082381,
    "Arcana Stat": 322344.90699308,
    "Arcanic Damage Reduction against +4 and higher Level monsters": 0.191170406804191,
    "Arcanic Damage Reduction against -3 to +3 Level monsters": 0.298703760631548,
    "Arcanic Damage Reduction against -4 and lower Level monsters": 0.477926017010477,
    "Area of Effect Amount ": 3.57658764482899,
    "Area of Effect Chance": 0.160418334082381,
    "Area of Effect Damage": 223754.721532634,
    "Area of Effect Damage Modifier": 0.694146911207248,
    "Blaze Attack": 204734.068038265,
    "Blaze Resistance": 97595.526573291,
    "Brawn (Brn)": 166.587690047309,
    "Burn Afflicted Damage": 153550.551028699,
    "Burn Chance%": 0.266540304075694,
    "Burn Damage over Time (every sec)": 61420.2204114796,
    "Burn Potency": 4.44978676312774,
    "Corrosion Affliction Damage": 22965.3242741578,
    "Corrosion Area of Effect Amount": 4,
    "Corrosion Area of Effect Damage/sec": 27140.8377785502,
    "Corrosion Chance": 0.0761699276113249,
    "Corrosion Damage over Time": 62632.702565885,
    "Corrosion Poison Chance": 0.0317374698380521,
    "Corrosion Potency": 12.2216228886636,
    "Defense": 96280.5601417701,
    "Dexterity (Dex)": 1504.18334082381,
    "Evasion Rating": 870704.621188178,
    "Flora Attack": 218982.850935534,
    "Flora Resistance": 104387.837609808,
    "Freeze Affiction Damage": 316179.440936315,
    "Freeze Chance": 0.157658764482899,
    "Freeze Damage over Time": 79044.8602340789,
    "Freeze Potency": 3.39414691120725,
    "Frost Attack": 263482.86744693,
    "Frost Resistance": 125600.733858898,
    "Frostbite Affliction Damage": 94200.5503941736,
    "Frostbite Chance": 0.472976293448697,
    "Frostbite Damage over Time": 37680.2201576694,
    "Frostbite Potency": 6.12839332051914,
    "Knowledge (Kno)": 788.293822414495,
    "Level Modifier": 3578.52615882914,
    "Magic Armor": 551802.463472,
    "Magic Resist": 173993.826687668,
    "Mana Armor Amount": 1.14623858161915,
    "Mana Armor Damage Reduction": 0.464311607840866,
    "Mana Armor Regenaration Rate": 0.257658764482899,
    "Mana Armor Regeneration Delay": 3.3693649420684,
    "Mana Armor Regeneration/sec": 142176.740976816,
    "Needed EP for next Level": 3790842875063.71,
    "Paralyze Affliction Damage": 110493.950440894,
    "Paralyze Area of Effect Amount": 9,
    "Paralyze Area of Effect Damage": 78924.250314924,
    "Paralyze Chance": 0.752091670411905,
    "Paralyze Damage over Time": 759653.805253257,
    "Paralyze Shockwave Area of Effect Timer": 2.99163331835238,
    "Passive Skill I (Lvl 2)": "Voidwalking",
    "Passive Skill II (Lvl 10)": "Not a Number",
    "Passive Skill III": "Not a Number",
    "Passive Skill IV": "Not a Number",
    "Passive Skill V": "Not a Number",
    "Physical Critical Chance": 0.0349881535070964,
    "Physical Critical Damage": 460678.486428305,
    "Physical Critical Damage Modifier": 1.88315168710881,
    "Physical Damage Reduction against -3 to +3 Level monsters ": 0.165289573415061,
    "Physical Damage Reduction against Level +4 and higher monsters": 0.105785326985639,
    "Physical Damage Reduction against Level -4 and lower monsters": 0.264463317464097,
    "Physical Stat": 244631.640447181,
    "Poison Affliction Damage": 175186.280748427,
    "Poison Chance": 0.190424819028312,
    "Poison Damage over Time": 78833.8263367922,
    "Poison Potency": 7.90424819028312,
    "Power Level": 125,
    "Scorch Affliction Damage": 58557.3159439746,
    "Scorch Burn Chance": 0.0499763070141927,
    "Scorch Chance": 0.0999526140283854,
    "Scorch Damage over Time (sec)": 43917.9869579809,
    "Scorch Potency": 6.61637445317504,
    "Spark Attack": 331131.628696327,
    "Spark Resistance": 157848.500629848,
    "Spirit (Spr)": 1504.18334082381,
    "Stun Affiction Damage": 397357.954435592,
    "Stun Chance": 0.300836668164762,
    "Stun Potency": 9.01673336329524,
    "Time until Aether refills in seconds": 6.71889267575099,
    "Time until Mana Armor refills in seconds": 7.25046715105757,
    "Time until Vitality fills in seconds": 4.155069962207,
    "Total Amplify Damage": 7065666.0500461,
    "Total Burn Damage": 426857.434804089,
    "Total Corrosion Damage": 2115258.93237958,
    "Total Freeze Damage": 584469.309146623,
    "Total Frostbite Damage": 325119.759924125,
    "Total Paralyze Damage": 2462032.83496463,
    "Total Poison Damage": 798308.409904111,
    "Total Scorch Damage": 395681.003236346,
    "Total Stun Damage": 397357.954435592,
    "Toughness (Tou)": 317.374698380521,
    "Unarmed Cast Speed": 0.743724988764285,
    "Unarmed DPS": 762347.044950452,
    "Vitality": 481402.80070885,
    "Vitality Leech Amount ": 97664.6012397192,
    "Vitality Leech Rate": 0.24066933453181,
    "Vitality Regeneration Amount per Second": 115858.891688348,
    "Vitality Regeneration Rate": 0.24066933453181,
    "Wind Attack": 331131.628696327,
    "Wind Resistance": 157848.500629848
}