{
    "+Frozen Damage%": 0.687972570569972,
    "-Scorched Damage Reduction%": 0.163474939676104,
    "-Stunned Damage Reduction": 1.33724160364202,
    "Accuracy Rating": 993016.469841866,
    "Active Skill I": "Siphon Life",
    "Active Skill II": "Blizzard",
    "Active Skill III": "Aether Rain",
    "Aether": 2371.9359979966,
    "Aether Leech Amount": 570.933269585496,
    "Aether Leech Rate": 0.240703488655563,
    "Aether Regeneration Amount": 1327.27899840674,
    "Aether Regeneration Delay": 3.10850559757199,
    "Aether Regeneration Rate": 0.559576227827309,
    "Amplify Chance": 0.111436800303501,
    "Amplify Elemental Damage Multiplier": 6.57184001517507,
    "Amplify Inflicted Damage": 329512.037993263,
    "Amplify Potency": 2.11436800303501,
    "Arcana Stat": 420069.83303849,
    "Arcanic Damage Reduction against +4 and higher Level monsters": 0.331370821979083,
    "Arcanic Damage Reduction against -3 to +3 Level monsters": 0.517766909342317,
    "Arcanic Damage Reduction against -4 and lower Level monsters": 0.828427054947707,
    "Area of Effect Amount ": 5.91981713713314,
    "Area of Effect Chance": 0.121436800303501,
    "Area of Effect Damage": 537670.182495779,
    "Area of Effect Damage Modifier": 1.27995428428329,
    "Blaze Attack": 245187.100212063,
    "Blaze Resistance": 153672.012006193,
    "Brawn (Brn)": 317.374698380521,
    "Burn Afflicted Damage": 183890.325159047,
    "Burn Chance%": 0.507799517408833,
    "Burn Damage over Time (every sec)": 73556.1300636188,
    "Burn Potency": 4.85691168562741,
    "Corrosion Affliction Damage": 31608.0328938695,
    "Corrosion Area of Effect Amount": 3,
    "Corrosion Area of Effect Damage/sec": 37354.9479654821,
    "Corrosion Chance": 0.0399810456113542,
    "Corrosion Damage over Time": 86203.7260741895,
    "Corrosion Poison Chance": 0.0166587690047309,
    "Corrosion Potency": 11.1661138303312,
    "Defense": 96280.5601417701,
    "Dexterity (Dex)": 1114.36800303501,
    "Evasion Rating": 766082.292433926,
    "Flora Attack": 229233.25841483,
    "Flora Resistance": 143672.876790316,
    "Freeze Affiction Damage": 502768.153830414,
    "Freeze Chance": 0.391981713713314,
    "Freeze Damage over Time": 125692.038457603,
    "Freeze Potency": 3.97995428428329,
    "Frost Attack": 418973.461525345,
    "Frost Resistance": 262593.320587065,
    "Frostbite Affliction Damage": 196944.990440299,
    "Frostbite Chance": 1.17594514113994,
    "Frostbite Damage over Time": 78777.9961761194,
    "Frostbite Potency": 9.29175313512975,
    "Knowledge (Kno)": 1959.90856856657,
    "Level Modifier": 3578.52615882914,
    "Magic Armor": 739982.675861303,
    "Magic Resist": 301597.293915026,
    "Mana Armor Amount": 1.53713828580079,
    "Mana Armor Damage Reduction": 0.356191138616464,
    "Mana Armor Regenaration Rate": 0.491981713713314,
    "Mana Armor Regeneration Delay": 2.43207314514674,
    "Mana Armor Regeneration/sec": 364057.944988408,
    "Needed EP for next Level": 3790842875063.71,
    "Paralyze Affliction Damage": 144566.106742251,
    "Paralyze Area of Effect Amount": 7,
    "Paralyze Area of Effect Damage": 103261.504815894,
    "Paralyze Chance": 0.557184001517507,
    "Paralyze Damage over Time": 752384.804362002,
    "Paralyze Shockwave Area of Effect Timer": 3.77126399392997,
    "Passive Skill I (Lvl 2)": "Advanced Studies",
    "Passive Skill II (Lvl 10)": "Explosion Expertise",
    "Passive Skill III": "Not a Number",
    "Passive Skill IV": "Not a Number",
    "Passive Skill V": "Not a Number",
    "Physical Critical Chance": 0.0576062047570781,
    "Physical Critical Damage": 478891.209140696,
    "Physical Critical Damage Modifier": 2.2299618062752,
    "Physical Damage Reduction against -3 to +3 Level monsters ": 0.165289573415061,
    "Physical Damage Reduction against Level +4 and higher monsters": 0.105785326985639,
    "Physical Damage Reduction against Level -4 and lower monsters": 0.264463317464097,
    "Physical Stat": 214753.099265233,
    "Poison Affliction Damage": 183386.606731864,
    "Poison Chance": 0.0999526140283854,
    "Poison Damage over Time": 82523.9730293389,
    "Poison Potency": 6.99952614028385,
    "Power Level": 125,
    "Scorch Affliction Damage": 92203.2072037158,
    "Scorch Burn Chance": 0.0952124095141562,
    "Scorch Chance": 0.190424819028312,
    "Scorch Damage over Time (sec)": 69152.4054027868,
    "Scorch Potency": 7.17428638400793,
    "Spark Attack": 329512.037993263,
    "Spark Resistance": 206523.009631787,
    "Spirit (Spr)": 1114.36800303501,
    "Stun Affiction Damage": 395414.445591915,
    "Stun Chance": 0.222873600607003,
    "Stun Potency": 7.45747201214005,
    "Time until Aether refills in seconds": 4.8955722209751,
    "Time until Mana Armor refills in seconds": 4.46466901634759,
    "Time until Vitality fills in seconds": 5.60854852264886,
    "Total Amplify Damage": 4578664.74948168,
    "Total Burn Damage": 541145.952814567,
    "Total Corrosion Damage": 2245497.45416297,
    "Total Freeze Damage": 1003016.72079005,
    "Total Frostbite Damage": 928930.683388995,
    "Total Paralyze Damage": 3085276.33382861,
    "Total Poison Damage": 761015.313150801,
    "Total Scorch Damage": 684498.33127722,
    "Total Stun Damage": 395414.445591915,
    "Toughness (Tou)": 166.587690047309,
    "Unarmed Cast Speed": 1.32844799544748,
    "Unarmed DPS": 477868.109613042,
    "Vitality": 481402.80070885,
    "Vitality Leech Amount ": 75739.2276580727,
    "Vitality Leech Rate": 0.178298880485602,
    "Vitality Regeneration Amount per Second": 85833.5804290215,
    "Vitality Regeneration Rate": 0.178298880485602,
    "Wind Attack": 329512.037993263,
    "Wind Resistance": 206523.009631787
}