{
    "+Frozen Damage%": 0.551255002247143,
    "-Scorched Damage Reduction%": 0.322873600607003,
    "-Stunned Damage Reduction": 0.380849638056625,
    "Accuracy Rating": 870704.621188178,
    "Active Skill I": "Bloodfuel",
    "Active Skill II": "Raging Attack",
    "Active Skill III": "Destruction",
    "Aether": 2052.92833857667,
    "Aether Leech Amount": 349.555117066482,
    "Aether Leech Rate": 0.170271465641531,
    "Aether Regeneration Amount": 905.521374694785,
    "Aether Regeneration Delay": 3.3693649420684,
    "Aether Regeneration Rate": 0.44108766861419,
    "Amplify Chance": 0.0788293822414495,
    "Amplify Elemental Damage Multiplier": 4.94146911207248,
    "Amplify Inflicted Damage": 222242.407055183,
    "Amplify Potency": 1.7882938224145,
    "Arcana Stat": 263480.016488833,
    "Arcanic Damage Reduction against +4 and higher Level monsters": 0.268781548815598,
    "Arcanic Damage Reduction against -3 to +3 Level monsters": 0.419971170024372,
    "Arcanic Damage Reduction against -4 and lower Level monsters": 0.671953872038995,
    "Area of Effect Amount ": 5.00836668164762,
    "Area of Effect Chance": 0.0888293822414495,
    "Area of Effect Damage": 277205.130667892,
    "Area of Effect Damage Modifier": 1.0520916704119,
    "Blaze Attack": 248232.318949367,
    "Blaze Resistance": 228665.392531603,
    "Brawn (Brn)": 1114.36800303501,
    "Burn Afflicted Damage": 186174.239212025,
    "Burn Chance%": 1.78298880485602,
    "Burn Damage over Time (every sec)": 74469.6956848101,
    "Burn Potency": 7.00879360819454,
    "Corrosion Affliction Damage": 34996.8909600669,
    "Corrosion Area of Effect Amount": 3,
    "Corrosion Area of Effect Damage/sec": 41359.9620437154,
    "Corrosion Chance": 0.0399810456113542,
    "Corrosion Damage over Time": 95446.0662547279,
    "Corrosion Poison Chance": 0.0166587690047309,
    "Corrosion Potency": 11.1661138303312,
    "Defense": 195904.723223582,
    "Dexterity (Dex)": 317.374698380521,
    "Evasion Rating": 552177.688250093,
    "Flora Attack": 172688.996927621,
    "Flora Resistance": 159076.777091213,
    "Freeze Affiction Damage": 335163.303451132,
    "Freeze Chance": 0.300836668164762,
    "Freeze Damage over Time": 83790.8258627831,
    "Freeze Potency": 3.7520916704119,
    "Frost Attack": 279302.752875944,
    "Frost Resistance": 257286.697767031,
    "Frostbite Affliction Damage": 192965.023325273,
    "Frostbite Chance": 0.902510004494286,
    "Frostbite Damage over Time": 77186.0093301093,
    "Frostbite Potency": 8.06129502022429,
    "Knowledge (Kno)": 1504.18334082381,
    "Level Modifier": 3578.52615882914,
    "Magic Armor": 1122767.76040145,
    "Magic Resist": 244631.640447181,
    "Mana Armor Amount": 1.14623858161915,
    "Mana Armor Damage Reduction": 0.196792477685566,
    "Mana Armor Regenaration Rate": 0.400836668164762,
    "Mana Armor Regeneration Delay": 2.79665332734095,
    "Mana Armor Regeneration/sec": 450046.488202131,
    "Needed EP for next Level": 3790842875063.71,
    "Paralyze Affliction Damage": 119103.579336838,
    "Paralyze Area of Effect Amount": 4,
    "Paralyze Area of Effect Damage": 85073.9852405988,
    "Paralyze Chance": 0.15868734919026,
    "Paralyze Damage over Time": 213046.373578943,
    "Paralyze Shockwave Area of Effect Timer": 5.36525060323896,
    "Passive Skill I (Lvl 2)": "Rage",
    "Passive Skill II (Lvl 10)": "Not a Number",
    "Passive Skill III": "Not a Number",
    "Passive Skill IV": "Berserk",
    "Passive Skill V": "Not a Number",
    "Physical Critical Chance": 0.177155200455252,
    "Physical Critical Damage": 872551.808357538,
    "Physical Critical Damage Modifier": 4.06304640698053,
    "Physical Damage Reduction against -3 to +3 Level monsters ": 0.336319274461442,
    "Physical Damage Reduction against Level +4 and higher monsters": 0.215244335655323,
    "Physical Damage Reduction against Level -4 and lower monsters": 0.538110839138307,
    "Physical Stat": 214753.099265233,
    "Poison Affliction Damage": 138151.197542097,
    "Poison Chance": 0.0999526140283854,
    "Poison Damage over Time": 62168.0388939437,
    "Poison Potency": 6.99952614028385,
    "Power Level": 125,
    "Scorch Affliction Damage": 137199.235518962,
    "Scorch Burn Chance": 0.334310400910504,
    "Scorch Chance": 0.668620801821008,
    "Scorch Damage over Time (sec)": 102899.426639222,
    "Scorch Potency": 10.1231616112295,
    "Spark Attack": 184707.553729359,
    "Spark Resistance": 170147.970481198,
    "Spirit (Spr)": 788.293822414495,
    "Stun Affiction Damage": 221649.064475231,
    "Stun Chance": 0.0634749396761041,
    "Stun Potency": 4.26949879352208,
    "Time until Aether refills in seconds": 5.63648794539743,
    "Time until Mana Armor refills in seconds": 5.29143506619363,
    "Time until Vitality fills in seconds": 7.92850767268981,
    "Total Amplify Damage": 1963911.41081012,
    "Total Burn Damage": 708116.966331915,
    "Total Corrosion Damage": 2486248.6640126,
    "Total Freeze Damage": 649554.163227815,
    "Total Frostbite Damage": 815184.215969069,
    "Total Paralyze Damage": 1347228.74893973,
    "Total Poison Damage": 573298.01087044,
    "Total Scorch Damage": 1559491.71687992,
    "Total Stun Damage": 221649.064475231,
    "Toughness (Tou)": 166.587690047309,
    "Unarmed Cast Speed": 2.52393795242922,
    "Unarmed DPS": 189478.95105495,
    "Vitality": 979523.616117908,
    "Vitality Leech Amount ": 17594.9032778887,
    "Vitality Leech Rate": 0.0507799517408833,
    "Vitality Regeneration Amount per Second": 123544.386479177,
    "Vitality Regeneration Rate": 0.126127011586319,
    "Wind Attack": 222242.407055183,
    "Wind Resistance": 204724.136895356
}