{
    "+Frozen Damage%": 0.195212409514156,
    "-Scorched Damage Reduction%": 0.322873600607003,
    "-Stunned Damage Reduction": 0.945952586897394,
    "Accuracy Rating": 552177.688250093,
    "Active Skill I": "Killing Bites",
    "Active Skill II": "Pestilent Strike",
    "Active Skill III": "Break Weapon",
    "Aether": 1222.16228886636,
    "Aether Leech Amount": 43.9769935940788,
    "Aether Leech Rate": 0.0359829410502188,
    "Aether Regeneration Amount": 161.957795271581,
    "Aether Regeneration Delay": 3.86672984796215,
    "Aether Regeneration Rate": 0.132517421578935,
    "Amplify Chance": 0.0166587690047309,
    "Amplify Elemental Damage Multiplier": 1.83293845023655,
    "Amplify Inflicted Damage": 161631.708575962,
    "Amplify Potency": 1.16658769004731,
    "Arcana Stat": 173993.826687668,
    "Arcanic Damage Reduction against +4 and higher Level monsters": 0.289490626741385,
    "Arcanic Damage Reduction against -3 to +3 Level monsters": 0.452329104283414,
    "Arcanic Damage Reduction against -4 and lower Level monsters": 0.723726566853463,
    "Area of Effect Amount ": 2.63474939676104,
    "Area of Effect Chance": 0.0266587690047309,
    "Area of Effect Damage": 79808.7671388362,
    "Area of Effect Damage Modifier": 0.45868734919026,
    "Blaze Attack": 232337.986492421,
    "Blaze Resistance": 325235.628569175,
    "Brawn (Brn)": 1114.36800303501,
    "Burn Afflicted Damage": 174253.489869315,
    "Burn Chance%": 1.78298880485602,
    "Burn Damage over Time (every sec)": 69701.3959477262,
    "Burn Potency": 7.00879360819454,
    "Corrosion Affliction Damage": 80507.7497200203,
    "Corrosion Area of Effect Amount": 9,
    "Corrosion Area of Effect Damage/sec": 95145.5223963876,
    "Corrosion Chance": 0.361004001797714,
    "Corrosion Damage over Time": 219566.59014551,
    "Corrosion Poison Chance": 0.150418334082381,
    "Corrosion Potency": 20.5292833857667,
    "Defense": 363104.179570644,
    "Dexterity (Dex)": 788.293822414495,
    "Evasion Rating": 678567.418553729,
    "Flora Attack": 261418.978397504,
    "Flora Resistance": 365944.316909183,
    "Freeze Affiction Damage": 207456.859630788,
    "Freeze Chance": 0.0634749396761041,
    "Freeze Damage over Time": 51864.214907697,
    "Freeze Potency": 3.15868734919026,
    "Frost Attack": 172880.71635899,
    "Frost Resistance": 242005.060392222,
    "Frostbite Affliction Damage": 181503.795294166,
    "Frostbite Chance": 0.190424819028312,
    "Frostbite Damage over Time": 72601.5181176666,
    "Frostbite Potency": 4.85691168562741,
    "Knowledge (Kno)": 317.374698380521,
    "Level Modifier": 3578.52615882914,
    "Magic Armor": 439321.914982841,
    "Magic Resist": 263480.016488833,
    "Mana Armor Amount": 0.241981194213915,
    "Mana Armor Damage Reduction": 0.558495432647661,
    "Mana Armor Regenaration Rate": 0.163474939676104,
    "Mana Armor Regeneration Delay": 3.74610024129558,
    "Mana Armor Regeneration/sec": 71818.1235502105,
    "Needed EP for next Level": 3790842875063.71,
    "Paralyze Affliction Damage": 203828.431694439,
    "Paralyze Area of Effect Amount": 6,
    "Paralyze Area of Effect Damage": 145591.736924599,
    "Paralyze Chance": 0.394146911207248,
    "Paralyze Damage over Time": 775969.443028308,
    "Paralyze Shockwave Area of Effect Timer": 4.42341235517101,
    "Passive Skill I (Lvl 2)": "Not a Number",
    "Passive Skill II (Lvl 10)": "Animorphing",
    "Passive Skill III": "Not a Number",
    "Passive Skill IV": "Not a Number",
    "Passive Skill V": "Not a Number",
    "Physical Critical Chance": 0.177155200455252,
    "Physical Critical Damage": 1111722.59021812,
    "Physical Critical Damage Modifier": 4.06304640698053,
    "Physical Damage Reduction against -3 to +3 Level monsters ": 0.623358805329796,
    "Physical Damage Reduction against Level +4 and higher monsters": 0.398949635411069,
    "Physical Damage Reduction against Level -4 and lower monsters": 0.997374088527674,
    "Physical Stat": 273617.98976948,
    "Poison Affliction Damage": 209135.182718003,
    "Poison Chance": 0.902510004494286,
    "Poison Damage over Time": 94110.8322231014,
    "Poison Potency": 15.0251000449429,
    "Power Level": 125,
    "Scorch Affliction Damage": 195141.377141505,
    "Scorch Burn Chance": 0.334310400910504,
    "Scorch Chance": 0.668620801821008,
    "Scorch Damage over Time (sec)": 146356.032856129,
    "Scorch Potency": 10.1231616112295,
    "Spark Attack": 208012.210444533,
    "Spark Resistance": 291183.473849199,
    "Spirit (Spr)": 166.587690047309,
    "Stun Affiction Damage": 249614.652533439,
    "Stun Chance": 0.157658764482899,
    "Stun Potency": 6.15317528965798,
    "Time until Aether refills in seconds": 11.4129074605739,
    "Time until Mana Armor refills in seconds": 9.86324579266461,
    "Time until Vitality fills in seconds": 37.5177574986897,
    "Total Amplify Damage": 345614.404640565,
    "Total Burn Damage": 662776.188269975,
    "Total Corrosion Damage": 22167477.0303239,
    "Total Freeze Damage": 371279.699135416,
    "Total Frostbite Damage": 534122.957034151,
    "Total Paralyze Damage": 3781858.99014562,
    "Total Poison Damage": 1623159.85218293,
    "Total Scorch Damage": 2218098.08284725,
    "Total Stun Damage": 249614.652533439,
    "Toughness (Tou)": 1504.18334082381,
    "Unarmed Cast Speed": 1.81755926637826,
    "Unarmed DPS": 246270.823041208,
    "Vitality": 1815520.89785322,
    "Vitality Leech Amount ": 45483.2800631724,
    "Vitality Leech Rate": 0.126127011586319,
    "Vitality Regeneration Amount per Second": 48390.9492169576,
    "Vitality Regeneration Rate": 0.0266540304075694,
    "Wind Attack": 161631.708575962,
    "Wind Resistance": 226258.267660109
}