{"Brawn": 166.587690047309, "Knowledge": 788.293822414495, "Dexterity": 1114.36800303501, "Toughness": 317.374698380521, "Spirit": 1959.90856856657, "Power Level": 125.0, "Needed EP for next Level": 3790842875063.71, "Level Modifier": 3578.52615882914, "Vitality": 481402.80070885, "Vitality Regeneration Rate": 0.117594514113994, "Vitality Regeneration Amount per Second": 56610.3284424733, "Time until Vitality fills in seconds": 8.50378038696675, "Vitality Leech Rate": 0.178298880485602, "Vitality Leech Amount ": 59322.483460916, "Aether": 1394.14691120725, "Aether Regeneration Rate": 0.204956393827769, "Aether Regeneration Amount": 285.73932338716, "Aether Regeneration Delay": 2.43207314514674, "Time until Aether refills in seconds": 7.31115977096009, "Aether Leech Rate": 0.42334025081038, "Aether Leech Amount": 590.198503056992, "Magic Armor": 661496.163966522, "Mana Armor Regenaration Rate": 0.257658764482899, "Mana Armor Regeneration/sec": 170440.284317791, "Mana Armor Regeneration Delay": 3.3693649420684, "Time until Mana Armor refills in seconds": 7.25046715105757, "Mana Armor Damage Reduction": 0.386348540283107, "Mana Armor Amount": 1.37410119549053, "Physical Stat": 195904.723223582, "Physical Critical Chance": 0.0349881535070964, "Physical Critical Damage": 368918.310051072, "Physical Critical Damage Modifier": 1.88315168710881, "Arcana Stat": 273617.98976948, "Area of Effect Chance": 0.205990856856657, "Area of Effect Damage": 189931.082449221, "Area of Effect Damage Modifier": 0.694146911207248, "Area of Effect Amount ": 3.57658764482899, "Defense": 96280.5601417701, "Physical Damage Reduction against -3 to +3 Level monsters ": 0.165289573415061, "Physical Damage Reduction against Level +4 and higher monsters": 0.105785326985639, "Physical Damage Reduction against Level -4 and lower monsters": 0.264463317464097, "Magic Resist": 173993.826687668, "Arcanic Damage Reduction against -3 to +3 Level monsters": 0.298703760631548, "Arcanic Damage Reduction against +4 and higher Level monsters": 0.191170406804191, "Arcanic Damage Reduction against -4 and lower Level monsters": 0.477926017010477, "Evasion Rating": 766082.292433926, "Accuracy Rating": 678567.418553729, "Unarmed Cast Speed": 1.21701119514398, "Unarmed DPS": 385799.830656048, "Blaze Attack": "nan", "Burn Chance%": 0.0888293822414495, "Burn Afflicted Damage": 0.0, "Burn Damage over Time (every sec)": 0.0, "Burn Potency": 9.87972570569972, "Total Burn Damage": 0.0, "Blaze Resistance": "nan", "Scorch Chance": 0.0485747201214005, "Scorch Affliction Damage": "nan", "Scorch Damage over Time (sec)": "nan", "Scorch Burn Chance": "nan", "-Scorched Damage Reduction%": "nan", "Scorch Potency": "nan", "Total Scorch Damage": "nan", "Frost Attack": "nan", "Freeze Chance": "nan", "Freeze Affiction Damage": "nan", "Freeze Damage over Time": "nan", "+Frozen Damage%": "nan", "Freeze Potency": "nan", "Total Freeze Damage": "nan", "Frost Resistance": "nan", "Frostbite Chance": "nan", "Frostbite Affliction Damage": "nan", "Frostbite Damage over Time": "nan", "Frostbite Potency": "nan", "Total Frostbite Damage": "nan", "Flora Attack": "nan", "Poison Chance": "nan", "Poison Affliction Damage": "nan", "Poison Damage over Time": "nan", "Poison Potency": "nan", "Total Poison Damage": "nan", "Flora Resistance": "nan", "Corrosion Chance": "nan", "Corrosion Affliction Damage": "nan", "Corrosion Damage over Time": "nan", "Corrosion Poison Chance": "nan", "Corrosion Area of Effect Damage": "nan", "Corrosion Area of Effect Radius": "nan", "Corrosion Potency": "nan", "Total Corrosion Damage": "nan", "Spark Attack": "nan", "Stun Chance": "nan", "Stun Affiction Damage": "nan", "Stun Potency": "nan", "-Stunned Damage Reduction": "nan", "Total Stun Damage": "nan", "Spark Resistance": "nan", "Paralyze Chance": "nan", "Paralyze Affliction Damage": "nan", "Paralyze Damage over Time": "nan", "Paralyze Area of Effect Timer": "nan", "Paralyze Area of Effect Damage": "nan", "Paralyze Area of Effect Amount ": "nan", "nan": "nan", "Wind Attack": "nan", "Wind Resistance": "nan"}