{"Brawn": 317.374698380521, "Knowledge": 1959.90856856657, "Dexterity": 1114.36800303501, "Toughness": 67.2993633324753, "Spirit": 1504.18334082381, "Power Level": 125.0, "Needed EP for next Level": 3790842875063.71, "Level Modifier": 3578.52615882914, "Vitality": 419347.596512079, "Vitality Regeneration Rate": 0.0902510004494286, "Vitality Regeneration Amount per Second": 37846.5401212785, "Time until Vitality fills in seconds": 11.080183159895, "Vitality Leech Rate": 0.178298880485602, "Vitality Leech Amount ": 75739.2276580727, "Aether": 1979.95428428329, "Aether Regeneration Rate": 0.509576227827309, "Aether Regeneration Amount": 1008.9376354556, "Aether Regeneration Delay": 2.79665332734095, "Time until Aether refills in seconds": 4.75906826232276, "Aether Leech Rate": 0.324903601617943, "Aether Leech Amount": 643.294278002516, "Magic Armor": 726329.308149898, "Mana Armor Regenaration Rate": 0.491981713713314, "Mana Armor Regeneration/sec": 357340.737743793, "Mana Armor Regeneration Delay": 2.43207314514674, "Time until Mana Armor refills in seconds": 4.46466901634759, "Mana Armor Damage Reduction": 0.336333473273498, "Mana Armor Amount": 1.73204595469519, "Physical Stat": 214753.099265233, "Physical Critical Chance": 0.0576062047570781, "Physical Critical Damage": 478891.209140696, "Physical Critical Damage Modifier": 2.2299618062752, "Arcana Stat": 420069.83303849, "Area of Effect Chance": 0.160418334082381, "Area of Effect Damage": 537670.182495779, "Area of Effect Damage Modifier": 1.27995428428329, "Area of Effect Amount ": 5.91981713713314, "Defense": 83869.5193024159, "Physical Damage Reduction against -3 to +3 Level monsters ": 0.143982929135539, "Physical Damage Reduction against Level +4 and higher monsters": 0.0921490746467451, "Physical Damage Reduction against Level -4 and lower monsters": 0.230372686616863, "Magic Resist": 289186.253075672, "Arcanic Damage Reduction against -3 to +3 Level monsters": 0.496460265062796, "Arcanic Damage Reduction against +4 and higher Level monsters": 0.317734569640189, "Arcanic Damage Reduction against -4 and lower Level monsters": 0.794336424100473, "Evasion Rating": 766082.292433926, "Accuracy Rating": 993016.469841866, "Unarmed Cast Speed": 1.21701119514398, "Unarmed DPS": 521624.56256503, "Blaze Attack": "nan", "Burn Chance%": 0.205990856856657, "Burn Afflicted Damage": 0.0, "Burn Damage over Time (every sec)": 0.0, "Burn Potency": 8.51255002247143, "Total Burn Damage": 0.0, "Blaze Resistance": "nan", "Scorch Chance": 0.0485747201214005, "Scorch Affliction Damage": "nan", "Scorch Damage over Time (sec)": "nan", "Scorch Burn Chance": "nan", "-Scorched Damage Reduction%": "nan", "Scorch Potency": "nan", "Total Scorch Damage": "nan", "Frost Attack": "nan", "Freeze Chance": "nan", "Freeze Affiction Damage": "nan", "Freeze Damage over Time": "nan", "+Frozen Damage%": "nan", "Freeze Potency": "nan", "Total Freeze Damage": "nan", "Frost Resistance": "nan", "Frostbite Chance": "nan", "Frostbite Affliction Damage": "nan", "Frostbite Damage over Time": "nan", "Frostbite Potency": "nan", "Total Frostbite Damage": "nan", "Flora Attack": "nan", "Poison Chance": "nan", "Poison Affliction Damage": "nan", "Poison Damage over Time": "nan", "Poison Potency": "nan", "Total Poison Damage": "nan", "Flora Resistance": "nan", "Corrosion Chance": "nan", "Corrosion Affliction Damage": "nan", "Corrosion Damage over Time": "nan", "Corrosion Poison Chance": "nan", "Corrosion Area of Effect Damage": "nan", "Corrosion Area of Effect Radius": "nan", "Corrosion Potency": "nan", "Total Corrosion Damage": "nan", "Spark Attack": "nan", "Stun Chance": "nan", "Stun Affiction Damage": "nan", "Stun Potency": "nan", "-Stunned Damage Reduction": "nan", "Total Stun Damage": "nan", "Spark Resistance": "nan", "Paralyze Chance": "nan", "Paralyze Affliction Damage": "nan", "Paralyze Damage over Time": "nan", "Paralyze Area of Effect Timer": "nan", "Paralyze Area of Effect Damage": "nan", "Paralyze Area of Effect Amount ": "nan", "nan": "nan", "Wind Attack": "nan", "Wind Resistance": "nan"}