{"Brawn": 1114.36800303501, "Knowledge": 1504.18334082381, "Dexterity": 317.374698380521, "Toughness": 166.587690047309, "Spirit": 788.293822414495, "Power Level": 125.0, "Needed EP for next Level": 3790842875063.71, "Level Modifier": 3578.52615882914, "Vitality": 979523.616117908, "Vitality Regeneration Rate": 0.0472976293448697, "Vitality Regeneration Amount per Second": 46329.1449296913, "Time until Vitality fills in seconds": 21.1426871271728, "Vitality Leech Rate": 0.0507799517408833, "Vitality Leech Amount ": 17594.9032778887, "Aether": 1752.0916704119, "Aether Regeneration Rate": 0.39108766861419, "Aether Regeneration Amount": 685.221446579735, "Aether Regeneration Delay": 3.3693649420684, "Time until Aether refills in seconds": 5.92633638415829, "Aether Leech Rate": 0.170271465641531, "Aether Leech Amount": 298.331216659353, "Magic Armor": 1122767.76040145, "Mana Armor Regenaration Rate": 0.400836668164762, "Mana Armor Regeneration/sec": 450046.488202131, "Mana Armor Regeneration Delay": 2.79665332734095, "Time until Mana Armor refills in seconds": 5.29143506619363, "Mana Armor Damage Reduction": 0.196792477685566, "Mana Armor Amount": 1.14623858161915, "Physical Stat": 214753.099265233, "Physical Critical Chance": 0.177155200455252, "Physical Critical Damage": 872551.808357538, "Physical Critical Damage Modifier": 4.06304640698053, "Arcana Stat": 263480.016488833, "Area of Effect Chance": 0.0888293822414495, "Area of Effect Damage": 277205.130667892, "Area of Effect Damage Modifier": 1.0520916704119, "Area of Effect Amount ": 5.00836668164762, "Defense": 195904.723223582, "Physical Damage Reduction against -3 to +3 Level monsters ": 0.336319274461442, "Physical Damage Reduction against Level +4 and higher monsters": 0.215244335655323, "Physical Damage Reduction against Level -4 and lower monsters": 0.538110839138307, "Magic Resist": 244631.640447181, "Arcanic Damage Reduction against -3 to +3 Level monsters": 0.419971170024372, "Arcanic Damage Reduction against +4 and higher Level monsters": 0.268781548815598, "Arcanic Damage Reduction against -4 and lower Level monsters": 0.671953872038995, "Evasion Rating": 552177.688250093, "Accuracy Rating": 870704.621188178, "Unarmed Cast Speed": 2.49220048259117, "Unarmed DPS": 191891.912025008, "Blaze Attack": "nan", "Burn Chance%": 0.160418334082381, "Burn Afflicted Damage": 0.0, "Burn Damage over Time (every sec)": 0.0, "Burn Potency": 6.36488146724349, "Total Burn Damage": 0.0, "Blaze Resistance": "nan", "Scorch Chance": 0.0166949879352208, "Scorch Affliction Damage": "nan", "Scorch Damage over Time (sec)": "nan", "Scorch Burn Chance": "nan", "-Scorched Damage Reduction%": "nan", "Scorch Potency": "nan", "Total Scorch Damage": "nan", "Frost Attack": "nan", "Freeze Chance": "nan", "Freeze Affiction Damage": "nan", "Freeze Damage over Time": "nan", "+Frozen Damage%": "nan", "Freeze Potency": "nan", "Total Freeze Damage": "nan", "Frost Resistance": "nan", "Frostbite Chance": "nan", "Frostbite Affliction Damage": "nan", "Frostbite Damage over Time": "nan", "Frostbite Potency": "nan", "Total Frostbite Damage": "nan", "Flora Attack": "nan", "Poison Chance": "nan", "Poison Affliction Damage": "nan", "Poison Damage over Time": "nan", "Poison Potency": "nan", "Total Poison Damage": "nan", "Flora Resistance": "nan", "Corrosion Chance": "nan", "Corrosion Affliction Damage": "nan", "Corrosion Damage over Time": "nan", "Corrosion Poison Chance": "nan", "Corrosion Area of Effect Damage": "nan", "Corrosion Area of Effect Radius": "nan", "Corrosion Potency": "nan", "Total Corrosion Damage": "nan", "Spark Attack": "nan", "Stun Chance": "nan", "Stun Affiction Damage": "nan", "Stun Potency": "nan", "-Stunned Damage Reduction": "nan", "Total Stun Damage": "nan", "Spark Resistance": "nan", "Paralyze Chance": "nan", "Paralyze Affliction Damage": "nan", "Paralyze Damage over Time": "nan", "Paralyze Area of Effect Timer": "nan", "Paralyze Area of Effect Damage": "nan", "Paralyze Area of Effect Amount ": "nan", "nan": "nan", "Wind Attack": "nan", "Wind Resistance": "nan"}